<!-- Use stable and unique IDs!-->
<core:FragmentDefinition xmlns:core='sap.ui.core' xmlns='sap.m' xmlns:smartfilterbar='sap.ui.comp.smartfilterbar'>
	<!--  add your xml here -->
	<smartfilterbar:ControlConfiguration 
      id="extProdAllocObjectControlConfig"
      key="extProdAllocObject"
      label="{i18n>AllocationObject}" 
      visibleInAdvancedArea="true"
      mandatory="mandatory">
      <smartfilterbar:customControl>
        <ComboBox id="idExtProdAllocObjectCBFilter"
		 	
      items="{
					path: 'customer.quotaTransfer>/ProdAllocationVH'
					}">
				<core:Item id="idItemProdAlloc" key="{customer.quotaTransfer>ProductAllocationObject}" text="{customer.quotaTransfer>ProductAllocationObject}" />
          </ComboBox> 
		 <!--  <ComboBox id="purchaseApprovalComboBox">
            <core:Item id="purchaseApprovalComboBoxItem0" key="noApprovalRequired" text="No Approval Required"/>
            <core:Item id="purchaseApprovalComboBoxItem1" key="approvalRequired" text="Approval Required"/>
          </ComboBox> -->
        </smartfilterbar:customControl>
    </smartfilterbar:ControlConfiguration>
</core:FragmentDefinition>