<!-- Use stable and unique IDs!-->
<core:FragmentDefinition xmlns:core='sap.ui.core' xmlns='sap.m'>
	<!--  add your xml here -->
	<Column id="idExtCol_Transfer">

              <Text id="idExtColHeaderText_Transfer" text="{i18n>TransferAmount}" />

              <customData> 

                     <core:CustomData key="p13nData" id="idExtColCustomData_Transfer"

                            value='\{"columnKey": "Ext_Transfer", "leadingProperty":"ProdAllocCharc05", "columnIndex" : "100"}' />

              </customData> 

       </Column>
      <!--  <Column id="idExtCol_Result" visible="false"> 

              <Text id="idExtColHeaderText_Result" text="Result" />

              <customData> 

                     <core:CustomData key="p13nData" id="idExtColCustomData_Result"

                            value='\{"columnKey": "Ext_Result", "leadingProperty":"ProdAllocCharc05", "columnIndex" : "110"}' />

              </customData> 

       </Column> -->
</core:FragmentDefinition>